{
	"info": {
		"_postman_id": "16a6cda9-6f42-49fd-a502-0dbae4790d31",
		"name": "Parcial2",
		"schema": "https://schema.getpostman.com/json/collection/v2.0.0/collection.json",
		"_exporter_id": "39492336"
	},
	"item": [
		{
			"name": "Agregar Producto",
			"request": {
				"method": "POST",
				"header": [],
				"body": {
					"mode": "raw",
					"raw": "{\r\n  \"nombre\": \"Laptop\",\r\n  \"precio\": 1200.0\r\n}",
					"options": {
						"raw": {
							"language": "json"
						}
					}
				},
				"url": "http://localhost:8080/api/productos"
			},
			"response": []
		},
		{
			"name": "Listar Productos",
			"request": {
				"method": "GET",
				"header": [],
				"url": "http://localhost:8080/api/productos"
			},
			"response": []
		},
		{
			"name": "Obtener Producto por ID",
			"request": {
				"method": "GET",
				"header": [],
				"url": "http://localhost:8080/api/productos/65c73483-4e38-4721-abf9-387447beb7da"
			},
			"response": []
		},
		{
			"name": "Actualizar Producto",
			"request": {
				"method": "PUT",
				"header": [],
				"body": {
					"mode": "raw",
					"raw": "{\r\n  \"nombre\": \"Laptop Actualizada\",\r\n  \"precio\": 1500.0\r\n}",
					"options": {
						"raw": {
							"language": "json"
						}
					}
				},
				"url": "http://localhost:8080/api/productos/65c73483-4e38-4721-abf9-387447beb7da"
			},
			"response": []
		},
		{
			"name": "Eliminar Producto",
			"request": {
				"method": "DELETE",
				"header": [],
				"url": "http://localhost:8080/api/productos/65c73483-4e38-4721-abf9-387447beb7da"
			},
			"response": []
		},
		{
			"name": "mensaje ingles",
			"request": {
				"method": "GET",
				"header": []
			},
			"response": []
		},
		{
			"name": "Mensaje Español",
			"request": {
				"method": "GET",
				"header": []
			},
			"response": []
		},
		{
			"name": "WebFlux",
			"request": {
				"method": "GET",
				"header": []
			},
			"response": []
		}
	]
}